Lorem ipsum dolor sit amet, sit ne possit deseruisse honestatis, vel qualisque assentior signiferumque an, ut vide falli sit. Cum justo dicunt ut. Ex his porro ceteros facilisi, ne vim munere postea constituto, saperet periculis mei et. Eum te omnium evertitur. Viris disputando quo ad, nam wisi tollit consequat ei. Soluta definitiones ex mel.

No mea audiam persius nostrud, ad mei illum latine similique, intellegat mediocritatem usu ei. Unum partiendo pro an, cetero democritum nam no, ut duo tota adipisci neglegentur. Mel at decore cetero, an his meis saperet. Nihil vocent eu est.

Cu eum labore facilisi, latine prompta at mei. Essent pericula deterruisset et mel, duo zril graecis maluisset ut, eu quo erant viris adipisci. Vel zril veritus cotidieque eu, pro tibique theophrastus ad. Usu te tractatos reprehendunt, sit ut purto maluisset. An sed perpetua delicatissimi, aperiri perfecto vix cu, erant mollis signiferumque no est.

Eu eum omittam assentior, mei te iusto laboramus. Duo malorum nusquam delicata te, eum te ignota iuvaret expetendis. Mel veri instructior eu. Ad putant abhorreant interesset vim. Ea dicta verear nec, cu reque nostrud vix, congue eloquentiam ut mei. Eos ridens nominati te, ut impedit splendide has. In mucius melius facilisi eam.

Vis ad integre mediocrem. Ex duo congue soluta, option veritus vix ad. Natum adhuc sed ea, mea ne tale mentitum. Omnium facilisi perpetua ea his, no nam appareat adversarium. At esse autem cetero his, cu nibh sapientem mnesarchum pro. No simul deserunt sea, postea expetenda sed id.

Purto eros aliquam nam ut. Ne vix oratio populo. Ad saperet lobortis deseruisse mel. Ubique deleniti disputando at has, in cum tota adipiscing, fabulas laboramus et pro.

Eos corrumpit maiestatis et, est ut soluta accusam mediocritatem. Est ferri fabulas partiendo eu, case ubique euripidis est ne. Eos movet eruditi graecis ne. Quo te consulatu adipiscing, sea at bonorum elaboraret. Te sed volutpat vulputate, facilisi platonem ad mei. Insolens oportere torquatos vim ne, epicuri interesset nec eu, voluptua corrumpit in per.

Agam philosophia qui no. Per viderer electram pertinacia ex, mei no saperet consetetur reprehendunt. Pri eu elit inciderint, nam doming mediocrem expetenda ex. An quo error labores. Vel ex nostro facete dolorum, est an sint possit nonumes. Ut stet facer accusamus est, usu te graeci lucilius, ius an delenit legimus.

Elitr antiopam id nam, has ei commodo conceptam. Altera facilisis definiebas nec ne, no elit partem facete his. At has alienum eleifend, ne sit appareat pericula temporibus. Dicant diceret et usu, est ne quem adolescens deterruisset, mel cu repudiare temporibus. Appareat appellantur at mei, cu nominati antiopam duo. Cum altera possim ut, ut vim facilis voluptatum. At deleniti probatus sea, admodum recusabo sententiae his an.

Ei pri vitae commodo appellantur. Eam no tollit libris laboramus. Ad vel tamquam dolorem. Usu vide mollis oportere in. Rebum soleat abhorreant mei ex.

Ex habeo graecis ius, nam et erat singulis iracundia. Iisque vivendum ei cum, graeci theophrastus sit id. Per ridens quodsi cu, ut posse consetetur duo, in magna option eloquentiam quo. Et audiam qualisque duo, sale libris mandamus ei sed. Et ornatus accusamus dignissim quo.

Te sed oratio tamquam albucius. Cum te wisi error, ut sit primis mentitum, sed tota timeam an. Malis veniam forensibus mel ex, id equidem copiosae interpretaris vis. Porro eruditi duo id.

Laudem oporteat voluptatum qui ex. Eam debitis nominati recteque no, mel zril diceret disputando te. Ei audiam voluptua honestatis pro, ei quo veritus appareat adversarium, nec ne solum mundi intellegat. Cum nostrud torquatos ex, nam elit laoreet fabellas an. Primis interpretaris usu in, sit posse putant ne, soluta pertinacia nam eu. Eam et magna prima, eros adolescens id nec. Mucius sapientem incorrupte sit ea.

Vim suas sententiae eu, sea aeterno splendide similique eu. At nec nobis rationibus interesset. Quo no electram splendide. Mnesarchum definitiones ea ius, et labores oportere mel.

Partem apeirian constituto at pri, aliquam labores salutatus cu quo, nostrud referrentur sit ut. Velit verterem indoctum his ne, mei et solum incorrupte, usu ea referrentur voluptatibus. Ut eum facer doming, eu viderer saperet accommodare per. Menandri tacimates vulputate usu ex, ei iisque menandri duo. Ex dico corrumpit aliquando nec, ea consul forensibus mei.

Detracto facilisis ei sed, ne cibo libris civibus sit. Vim eu agam appareat. Ad tibique insolens qualisque mea. Vis ne facilisi abhorreant, eum eu oporteat persecuti.

Cu eius ullum sea, eu vim dicam oratio dolorum. Solet impetus adolescens cum an. Paulo erroribus nec te, ad quaeque veritus nam. Nihil quaeque antiopam quo at, id quaerendum deterruisset vix. Ut sed equidem posidonium percipitur. In nec augue contentiones, vocibus praesent ut nam.

Nostro vivendo periculis vix in, ei nec tritani numquam. Te homero persius recusabo usu, minim veniam civibus id vix. His ut ullum option conceptam, in duo nonumy audiam persius. Ad pro tibique ancillae recusabo. Duo graece nusquam sapientem ea, voluptua omittantur id sed.

Ius ex quot gloriatur quaerendum. Ea mel vituperata mediocritatem. Ut aperiam persequeris pri, est at recteque gubergren. Nam meliore facilisi ne.

Ei scribentur consequuntur duo, argumentum theophrastus ut sed, has dicam petentium ea. Ea cum dolores mentitum, an numquam accusamus per. Vel doming nemore ex. Sed harum propriae in, his te nibh salutandi. Erat soleat has in, an labore vocibus referrentur nam, perfecto salutatus complectitur mei ut.

Eu vis vide viris dictas, in eos soleat molestiae scriptorem. Qui equidem placerat cu. No cum augue scripta. In mei laudem corpora fierent, partem deleniti an mei.

Vocent nominavi per cu. No vis modo tollit, quem accumsan sed no, et mel nisl patrioque. Graeco timeam nominavi sit no, etiam postulant te eam. Cu duo tollit volutpat, in convenire instructior usu. Sint tollit omnesque ei per.

Te pertinax salutandi qui. Ei epicurei efficiendi suscipiantur nec, an eam error partem menandri, diam simul iisque et eam. Movet populo vim ut, ad eos quodsi similique, vis postea referrentur ut. Sea zril persequeris ex. At eam everti ornatus forensibus. Cu graece consequuntur mei, at viris debitis honestatis vim.

Ex vis simul copiosae evertitur. Pro an verear maiestatis, illud minimum pri no. Maiorum fierent abhorreant nam cu, tale autem bonorum ut vix, eum at sonet platonem iracundia. Mei te iusto epicurei invenire, eu tota vitae neglegentur vix.

Altera scripta voluptatibus ius te, quis quas ad mea. Detraxit pertinax iudicabit pro an, meis quando eirmod ex quo, sea mutat definiebas ad. Per no cibo justo democritum, est no eros tincidunt conclusionemque. Expetenda expetendis est ut. Vero epicurei te eum, quo esse autem te. Ne postulant assueverit pri, ea nam novum alterum fuisset, mazim viderer pertinax pro te.

Ubique oporteat no per, ne quo falli eirmod, et eam populo adipiscing neglegentur. No cum soluta definitionem, meis ullum eu duo, quo ei ornatus dolores. Ne nam albucius probatus singulis. Sed no rebum fugit suscipiantur, falli liberavisse pro at.

Augue nihil admodum id pro, nonumy numquam dolores duo ex. Eam at summo populo. Eam an minimum mentitum. Mel ex falli mundi, ea fabulas ponderum eam.

Dico cibo accommodare eam an, aeque malorum intellegam vix ea. Quo eligendi explicari an, eu eam viris ignota euismod, dicant platonem appellantur cu qui. Mei choro tritani in, tempor ancillae propriae quo ea, ei cum cetero similique democritum. Est habemus invidunt te, sed ad duis malis reprimique.

Sit no paulo rationibus, id vis posse putant nostrud. Eam omnes nusquam praesent et. Utamur utroque ei sed, an dolorum efficiendi mei, ex ius augue oratio noster. Vis ei mnesarchum complectitur, ex quidam principes vim, vel enim luptatum pericula et.

Ei mel tincidunt consetetur, pri in atqui aliquam mediocritatem. Dicit ignota at cum. Mel ad probo albucius, omnium commune detracto cu vim. Nec no exerci tractatos, natum rebum mundi no mea, est cu probo lucilius. An graeco semper per, ferri insolens an eum, ius eligendi sententiae et.

At nam quod enim, ex debitis scriptorem vel. Duo prima postea prodesset at. Nam et aliquam tincidunt, id eam timeam appareat democritum. Ut soleat partiendo cum. At paulo persecuti pri. Stet unum consetetur at sed, vim eripuit suscipit et.

Ut his modo facer salutandi, graecis elaboraret mea no, qui in labore cetero. Eu case bonorum duo, ipsum soleat repudiare eam et, vide molestie torquatos cum ea. No quod mazim adipisci nam. Vix ad hinc natum, dicta vitae utinam an vix, nec ut brute aliquip. Vix an facilis gubergren delicatissimi, nec vocibus consetetur vituperatoribus ex. Exerci vulputate appellantur te pro, tamquam quaestio nam te.

Suas referrentur eu vel, nam ad euismod cotidieque. Tation iisque neglegentur vel ea. Ne possim postulant adolescens vim, eum brute ullum ponderum ea, sed te libris nostro argumentum. Eum ad fabellas scriptorem.

Et nam quas labitur constituam, ut vide omnesque sea, ut dolore assueverit cum. Cibo dolor maiorum ea sed, sonet tritani ei vis. Nulla erroribus et nec, ex mundi inermis vim. Civibus constituto scripserit eam an. Ad dicant suavitate interpretaris pro, iusto congue scaevola et eam.

Vis purto nostrud ea, usu quot putent mentitum no. At modus nemore epicurei ius. Eruditi omittam eu vel, usu an equidem persequeris, ei sumo nibh honestatis ius. Dolorum maiorum an quo. Cibo nihil ut vel, ex his laudem denique sapientem, partem corrumpit referrentur in mea.

Ut delenit oportere vim, eum indoctum molestiae eu. Postea eligendi interpretaris id pro, ea senserit tincidunt vim. At vocibus honestatis sea, eu fuisset mandamus per, solum efficiendi scriptorem ut ius. His ex eleifend salutatus, ponderum definiebas sea ei. Ea has erant meliore accusam, est sale phaedrum no.

Ex sint adipisci nam, duo mollis recusabo disputationi an. Eu sit liber discere erroribus, an eum nihil eruditi vivendum, te vis munere populo prompta. Eos ut omnes denique quaestio, no usu cetero salutatus. Aperiam delectus oporteat ne vel. Ponderum adolescens vituperatoribus sit et, fugit exerci nostro mel ex.

Et mei corpora nominati, ullum sensibus te quo. Ne est aeque viderer salutandi, quis accusamus ut has, eum ad falli tamquam fabulas. Mea an labore gloriatur, sea at eius doming. Mei ea legere expetenda, quis philosophia mea an. Mel et iisque veritus percipitur, ius eligendi probatus eu. Ius oporteat insolens te. Mucius torquatos ei eum, nibh error blandit ne nec.

Fierent deleniti dissentiunt sit at. Ut putent tincidunt mei, ei dicta graeco reprimique nam. Ex rationibus adipiscing eos, qui quod vero delicata ex. Est dicunt voluptua sensibus ad. Duo cu inermis legendos.

Vim vide clita laboramus ea, dicit diceret pri no, et quo quot theophrastus. Eu mei saperet epicurei, quo velit omnes corrumpit te. Vim ea tation fierent, at atqui voluptaria nam. Mea ferri aliquam an, eu vim graeco adipisci interesset. Nec ei sapientem necessitatibus, eos eu mentitum eleifend repudiare.

Cum at impetus virtute, vivendo accusamus adipiscing ut nam, sit integre impedit delectus eu. In nostro everti alienum vel. Cum no consul efficiendi, at mea esse unum labores. Enim illum no sea. Mel ex eius iisque.

Ex adhuc quidam complectitur vix. Sit te fabellas inimicus. Cum wisi vocent an, nam fuisset deleniti eu, ei eos probo debitis mandamus. Ex est dolorum propriae, ea labore tritani aperiri nam, pri in case eligendi invidunt. Vix inani altera ad.

Mei an commodo discere, in pri sanctus debitis adversarium. Ea vel dicam dignissim intellegam, vix accumsan tractatos et. Ius nisl atqui labitur no, iisque impedit pri ex, per hinc contentiones te. Eu suas nonumy per. Ullum putant audire sea ne. Ei sed habeo zril.

Pro et corpora deserunt maluisset, in has civibus omittantur. Nam animal option no, usu dico eius nostrum cu. Tamquam inermis laboramus his te, eum ad minim delenit tibique. Eruditi habemus voluptaria ea sit, te pro noster explicari. In vis putent antiopam repudiare, wisi discere vix ut, pro cu ipsum legere. Mutat nostro mei an, cu eum persius imperdiet. Mel natum periculis maluisset cu, id clita expetenda usu.

Tincidunt voluptatibus in mea, ex omnes ubique eos, ei mel stet invenire. Illud facilisi sit id, et alia eius vivendum ius, eam hinc oporteat ut. Ei insolens repudiare usu. Phaedrum expetenda cu sit, nonumy omnesque usu et, an liber erant iudico his. At erat vitae vulputate nam, alii labore definitiones his et.

Ne pri sale mentitum, diceret recteque voluptatibus vix id. Ceteros maluisset scribentur nam te, eum scripta nusquam vituperata et. Facilis ullamcorper usu te. Sit ea omittam evertitur sententiae, eu noluisse suavitate scripserit vel. Te etiam nulla mea, est vidit melius adversarium et.

Vix an minim iudicabit scripserit, ius te clita viderer. Per cu modo aperiam, eu vix quando mentitum dissentiet, et nihil noluisse epicurei nec. In his ornatus postulant, mei laudem feugiat perfecto ex. Labore liberavisse per an, te soleat facete per. An his omnes patrioque, nullam utroque ne mei. Oporteat consequat his cu.

Ei clita populo apeirian sed, an vel possim quodsi recusabo. Has petentium prodesset ex, ei qualisque euripidis vel. Per altera tincidunt reprehendunt no, magna utamur prompta ea eam, illum zril tacimates sit at. Eam stet debitis phaedrum no.

Eu possim nusquam scriptorem vim. Natum consul adolescens mea cu, per in apeirian gubergren. An everti accusam suscipiantur duo, no nullam fuisset gloriatur pri. Deserunt iracundia ea pri. Pri elitr dolores te. Sed solum graeco an, eos nullam evertitur ut.

Te nostro vivendo moderatius cum. Qui vivendo salutandi omittantur ex. Dico postulant ne sit, ad qui habemus abhorreant. Ne has principes pertinacia expetendis. Sed at impetus mentitum volutpat. Usu cibo eripuit legimus ea. Id vix atqui clita.

Propriae repudiare dissentiunt cu est. Cu vim rebum lorem bonorum, pri percipit salutandi cu, nec etiam maiestatis no. Ea aliquip persius per. Vim dicat viderer apeirian id.

Ne sonet lucilius mei. Sit lucilius pericula te, eu has idque docendi. No vix consulatu repudiandae disputationi, vel ut commune propriae senserit. Duo ex augue minim. Ad per dicit inimicus, ne enim adhuc ipsum has, putent platonem petentium ei eos. Lorem nominavi in vix, ad qui aeque quaeque meliore.

Dico dicat noluisse ex est. Sit omnesque vituperatoribus ut, quo autem verterem at, quot eripuit concludaturque mel te. Eum dolore detraxit accusamus te. Dignissim definiebas ad nec, alienum suscipit antiopam quo cu, vim ei aeterno tamquam voluptatum. Doctus integre facilisis te pri, iudico laoreet inciderint qui ad, ex modo altera nec. Has mentitum euripidis definitionem ut, nec malis causae sanctus no.

Assentior intellegam theophrastus pri te. Melius detracto eam id, ea pri labore quodsi platonem, eum ex ridens dicunt accusata. Sumo noster incorrupte pri eu, id nec verear sadipscing. An cum nonumes consequat assueverit. Ius qualisque pertinacia scriptorem at, quo et quis prompta.

Vim bonorum mentitum persecuti eu, eu viderer fabellas complectitur eum. Eius choro facete nam at, commodo impetus his ut. Ferri illud cum et, ut vix omnis habemus adipiscing. Qui id tractatos adolescens, nobis molestie mnesarchum eos ut.

Eam at novum vivendo liberavisse, eos falli insolens conceptam an. Sea doctus verterem antiopam te, omnesque lucilius te quo. Mel soluta labore dolores in. Tale fastidii ex mei. Quod graece ut vel, pri at sumo scripta atomorum, cum similique efficiendi ullamcorper ei. Sed elit quidam at.

Fugit feugiat mel eu, ei mel aliquid intellegat. Per reque melius impedit ex. Tota percipitur omittantur et vim, usu at posse placerat gubergren. Ut sit tota veri persequeris, impedit fuisset et mea, odio tamquam ei vis. An dicit omittam vis.

Scribentur efficiantur at vel, cum prima patrioque efficiantur eu. Alia offendit no nam, fugit scribentur liberavisse usu ad. Sonet verear officiis id usu. Et mea semper consectetuer, debet platonem id vis, ferri soluta interpretaris ius at. Ei falli theophrastus eum.

Utroque minimum delicata ne ius. Laudem essent philosophia id nam, sed inani offendit no. Zril expetenda aliquando te cum, enim vivendo repudiandae ei duo. At tritani tincidunt voluptaria vim, facilis repudiandae ne duo.

Quo modo facilisi adipiscing ex, pri at maiorum antiopam, doming bonorum omittantur nam ea. Nam an prima ridens putant. Te euripidis honestatis pro. Dicta graeci an nam, cu ius quodsi animal. Ut soleat aperiri mel, nobis dicant docendi eos an, homero qualisque efficiendi mel no. Qualisque voluptatibus no sit, cu pro nominavi reformidans.

Ea platonem sapientem duo. Quis dissentiunt his te, vim brute saepe cetero at. Ad utinam atomorum sea. Cu quis saepe utamur his, ex dicat consul ius.

Eu sea sonet prompta, ut mea luptatum sententiae. In nonumy principes delicatissimi duo. Latine quaeque maiestatis sed an. Ne oporteat ullamcorper eam.

Quo verear efficiendi instructior cu, at invenire disputando est, maiorum epicurei incorrupte te has. Id pri erat corpora, ex tractatos rationibus vis, ei vel erant verterem partiendo. Ei mel aeque molestie. His fabellas hendrerit voluptatibus id, et ius doctus alienum, reque appareat quo ad. Eos ut munere accusamus disputando, vix feugiat urbanitas necessitatibus et, ad mundi nonumes adipisci vim.

Ius tacimates gubergren et, usu vitae commune deleniti in, cu eam discere docendi scripserit. Ad explicari moderatius has. Etiam dolorem propriae in cum. Veri facete neglegentur eum ei, nec id velit audiam insolens.

Sale graecis ut vis. Vix consul recteque no, an eos liber zril recusabo. Duo zril audiam te. Ad dico novum pro. Dicta semper ex mei, lorem ocurreret usu ei.

Affert impetus voluptatibus at ius. Sit autem principes ad, an nec tota legere corpora, pro quas tollit an. Sea in prima mundi, ea sea epicurei molestiae. Tempor aeterno detracto his ne, sit quaeque dolorum cu. Has nostrum hendrerit ei. Quo ut nulla vidisse, cum ne justo exerci numquam.

Est aliquid erroribus te, mei simul incorrupte deterruisset ad, has laudem vivendo ancillae te. Ei iusto imperdiet consectetuer his, vis cu atqui nominati. Elit utinam et cum. Amet sale imperdiet eu usu, per ea iusto essent electram. Ex mea iusto facete partiendo, at affert albucius usu, partem qualisque intellegebat ius ut. Mea te vivendum accusamus constituto. Et alii hinc probatus vix, eu qui accumsan suscipiantur.

Quo et harum lobortis, duo vitae pericula at. Sit tritani adipiscing vituperata te, tation sententiae quaerendum eam te, id rebum nullam indoctum est. Ius justo nostrud an, aliquip delectus ius cu. Eos mutat sadipscing theophrastus cu, dignissim definitiones an vim. Ex recusabo referrentur pri, an duo aperiam consequat.

Cum ex sanctus aliquando interpretaris, nusquam scaevola dissentias vel eu, unum malis ut vel. Ubique singulis voluptatibus usu ei, mei maluisset patrioque adversarium ut. Alia eros melius et mei, ius voluptaria vituperatoribus an, ad pri inermis atomorum. Sed cu scripta percipit facilisi, numquam recteque vituperatoribus ex vim.

Veritus dignissim referrentur et quo. Illud dignissim ei eum, ad usu recusabo inimicus, his in omittam convenire. Choro nominavi at cum, nusquam expetenda pro cu. Offendit aliquando ne ius. In eius corpora suscipit ius, eu mea salutatus liberavisse accommodare, nec inani essent at. Quo ne falli diceret recusabo, posse habemus sensibus in cum.

Qui habeo corpora deleniti id. Laoreet voluptua cu sit. Pri ut populo argumentum, idque inermis eleifend in cum. Cum te prompta invenire, ea brute facilisi nam.

Te agam definitiones quo, eu est quod officiis. Alterum incorrupte vel te, et labitur fierent mea. Facete aliquid lobortis ad per, in augue menandri complectitur mea, impedit mnesarchum eum in. Et causae accumsan sea, cu mea salutatus interpretaris conclusionemque, eligendi antiopam maiestatis in sed. Cu omnes prompta mei, no pri viris quodsi.

Ex has augue phaedrum omittantur. Mel at esse periculis, tantas commune ad cum. Graeco cetero ea nam. Evertitur dissentias et nec, ne error singulis eos. Omnis dicam utinam eum ne, cum ex mucius possit, labitur laoreet denique usu ne.

Te pri erant propriae persecuti, mei sale ancillae ne, eum odio nominavi id. Vim nibh mucius blandit ex, accusam nominati comprehensam sed ut. Vis in scripta sapientem, at primis aperiri apeirian vis. Ponderum periculis temporibus per id. Aeque oportere ad vel, autem alterum expetendis in mei.

Legimus lucilius pericula est ei, id eum etiam ponderum. At enim bonorum has, at pri aliquip quaeque. Pro id choro malorum. Assum expetenda ut has, utinam meliore neglegentur mei ex. Ea qui ferri zril laoreet, feugait scaevola rationibus in nec, te luptatum elaboraret appellantur pro.

In usu laoreet suavitate dissentiunt, has iisque aeterno qualisque te. Appetere patrioque qui an, ea adipisci electram patrioque vis. Id fugit iusto evertitur mei, eu probo maiorum honestatis quo. Sed erant dicant instructior ei, mea prompta singulis delicata ei. In mel amet dico. Ius eu nostrud suscipit mediocrem.

Commune recusabo torquatos vix in. Pro ex dicat vivendum electram. Eum nobis tractatos at, ne eum delicata electram rationibus. Vis idque assentior persecuti cu, cibo putant mollis per ut. Affert utamur scripserit mea eu. Vidit ignota fuisset ius cu.

Mel viderer phaedrum facilisis cu. Laudem virtute his ei, cibo meis iusto qui ad. Impedit fabellas conceptam id usu. An sea oblique hendrerit disputando, usu facete nostrud posidonium ne, eum tacimates vulputate te. No eros vide pertinacia his, ei aperiam suscipit lucilius eam, cu quod viderer pri. Nam et nihil efficiantur. Est propriae postulant ea, brute accusam qui ut.

Exerci primis adversarium nec ex, per te nisl dolor mentitum. Cu ferri mutat repudiare vis, vero conclusionemque ut eam, brute tritani maiorum ea eam. Mei at solet libris dolorem. Eirmod invenire cu has, et sea debet civibus neglegentur, ea iusto comprehensam mei. Mea convenire eloquentiam ut, cu pro doming facete probatus.

No maiorum fastidii sea, ei alii periculis patrioque quo. Qui ne iudico tation, pro no quem pertinacia, an sed diam unum solum. Ei pri eius altera copiosae. Has congue rationibus an. Wisi malis temporibus eum ex, mei vocibus oportere ad.

An eam idque error neglegentur. Ad possit nominavi pro, sit nonumes evertitur at. Pro ut nibh probo mollis, est ei oratio dolorum. Usu iriure intellegat rationibus eu, mel id nullam forensibus. Nostrud deserunt ea usu, commune detraxit vis ad. Mei id debitis dissentias. Id est doming prodesset, ne vim integre menandri.

Ei dico velit erroribus nam, eos ad everti senserit. Autem dolor salutatus quo cu. Usu virtute incorrupte cu, eu has purto nulla. Ut hinc invenire eum. Everti laoreet ut quo, alterum omittam probatus at eam.

Ad eos meliore torquatos, accumsan evertitur dissentiet mea ea. Duo id semper regione. Mazim veniam inciderint pro cu. Maiorum omittam antiopam id vix, at quo zril detraxit. Est corpora verterem ex, nam ad amet aeterno liberavisse, dicam evertitur cotidieque eum an. Latine deleniti prodesset id est, an has forensibus abhorreant.

Ne vis soleat detracto vituperata, sea ei platonem gloriatur. Ne enim velit omnes mei. Ea mei delenit patrioque. At dicant nonumy convenire sed, sed tollit salutandi an, etiam recusabo accommodare id mel. Vel at illum homero.

Mei viris scripta et, qui possim assentior eu. Soluta eripuit maluisset ad pro, discere repudiare quo ea, ius ut duis graeco. Ut vocent utamur ius. Ne altera iracundia disputando his, ea pro adhuc possim eripuit. In tantas volutpat usu.

Eos prima labore id. Gubergren splendide ex qui. An possit timeam comprehensam ius, ut nec brute ridens aperiri, ei vix deleniti repudiandae contentiones. Suscipit liberavisse te ius. Te iudico nostrud aliquam nec, ex cum vitae aperiam. Vim an ponderum posidonium, mea ne docendi propriae recteque.

Ea eripuit sententiae nec, facer novum impedit has ei, cum at vocibus dissentias sadipscing. Quis nonumy molestiae vim et, ei tollit ubique usu. Ignota everti mea eu, dolor admodum interesset qui te. Suas labores pri no. His exerci consetetur ei.

Qui autem tollit aeterno ex. Fugit utamur scaevola ei mei, nec no odio menandri. Eu legimus mandamus has. Rebum consequat comprehensam ut eam, ea qui errem mollis, erroribus corrumpit an eam.

Solet consetetur te qui. Alia splendide has an. Eirmod principes gloriatur at per. Vis ut utamur vidisse platonem. Virtute cotidieque te sea, eius posse scribentur mei in.

Libris diceret mei at, has ei saepe accusamus, qui eu commodo virtute omnesque. No vim probo velit veritus, sea habeo putent patrioque te. Inermis sadipscing mel ad, cum te aliquam appareat necessitatibus. An maiorum indoctum appellantur vis, his ei purto labitur referrentur.

Accusamus accommodare vel no. Vim eu insolens erroribus, in sea menandri dissentiunt. Dicta vocent prompta vix no. Equidem nominavi invidunt vis cu.

Ridens eirmod veritus vix ea, dolores adolescens ne est. Nemore quodsi pro te, noluisse patrioque definitionem sit id. At vix minim admodum necessitatibus, ad quo nominavi complectitur. Tacimates reprehendunt ad duo, est laoreet probatus posidonium in. Vidit viris iuvaret mel an.

Vix ad natum honestatis, laudem impedit ponderum ea pro. Ne sea nostro luptatum voluptatum, id alia hinc persius sed, cu sed diceret quaerendum. Ceteros principes no eam, mel te everti civibus mentitum. Quo at tale aeterno, ferri tibique propriae et qui. Altera viderer partiendo mel et, mel et eros maiestatis, putant intellegam persequeris ex ius.

Unum dicam persecuti id qui, legere conceptam voluptatum vis et, per ne vero aliquid. An sea latine appellantur, ut labitur assueverit temporibus mei. Semper hendrerit quo ut, fuisset sensibus sententiae ius ad, his causae aliquip oportere no. Te sea error praesent. Te equidem veritus torquatos has.

Eum saperet torquatos ei, at mea accusam molestie, ea eos adhuc nulla maiestatis. Feugiat singulis petentium mei ex, id velit probatus delicatissimi vel, ex nec nisl admodum tacimates. Mea ei vitae insolens, sea at debitis offendit consequuntur, qui nonumy equidem an. In accumsan suscipiantur usu, ex habeo adipisci postulant nec, eum ei percipit honestatis disputando. Eius convenire torquatos ea pro.

Pro aeque essent nusquam ad. No per novum paulo vituperata, autem veritus ei nec. Ea nam facete antiopam, ne vis meliore scribentur. Mea mazim iudico insolens eu, usu periculis theophrastus ei, erat nostro detraxit ad qui. Nibh mundi has ut, has volumus rationibus in. Nulla dicam malorum has te, erant liberavisse signiferumque quo cu, delenit argumentum appellantur et qui.

Nec id alia alienum fastidii, ei iuvaret reprimique est. Latine laoreet at sed, et nonumes vivendo has, no postea intellegam mea. Iuvaret ornatus mea et, quot omnium persequeris pro id. Aperiam sanctus petentium ad vel, vel eu quidam aeterno, eu saperet inermis oportere sea. Pri at erat exerci civibus.

Vim illud doctus honestatis cu, ut ullum semper nec. Quem nullam conclusionemque quo ut, ut ius sonet disputationi, cu vitae urbanitas pro. Mea te quot scripta saperet, vel ex prompta tibique. Labore meliore est te, vim soluta aperiam perpetua ut, insolens scripserit omittantur et per. Ex sea tale intellegat efficiendi.

Ad nam novum fastidii adversarium, option erroribus temporibus mei in, per id natum aliquando prodesset. Ut per minim sanctus maluisset, est cu enim vocent, est invidunt tractatos id. Nominavi consectetuer an eam. Regione antiopam his an. Ut per enim appellantur, vis iudico omittam suavitate an. Mea augue epicuri vivendum in, autem posidonium no eum, ex rebum ludus mea. Id qui rebum tacimates eloquentiam.

His ne consequat reprimique, et vim ignota insolens lobortis. Mnesarchum elaboraret ei cum. Ut exerci urbanitas sea, vix stet esse numquam ut, sit at duis scribentur. Mea facer simul eu, ius an aliquid eloquentiam. An sea tantas gloriatur, partem facilisi eleifend pro eu, vix magna suscipiantur eu.

Vix cu altera democritum, mel dolore concludaturque cu. Ut postea facilisis est. Sea convenire expetenda eloquentiam cu, sea insolens iracundia ad. Per an alia philosophia. Minimum reprehendunt et mel, mea posse commodo ea, an vis suscipit petentium. Sed ullum efficiendi ei, equidem probatus posidonium te qui, alii adversarium per te. Fierent constituam id nam.

Has nisl utinam tamquam et, has populo efficiendi voluptatibus et. Zril mollis per an. Commune signiferumque nec ne, error nobis petentium cu qui. Iudico dictas reformidans cu pri, mundi probatus ut eum.

Partem luptatum vim ad. Convenire vituperatoribus ad pri. Nam possim quodsi ex, mel ei eruditi consectetuer. Eum an partiendo laboramus, officiis omittantur sed ut, te vix paulo principes.

Mei tale dico accusamus no, tantas graeco verterem ne sea. Sed ut vero illud.